width,radius,dy,timepoint,diodicity
0.085,0.14,0.5,10,
0.085,0.14,0.5,20,
0.085,0.14,0.5,30,
0.085,0.14,0.5,40,0.0
0.085,0.14,0.5,50,2.769183280800521e-07
0.085,0.14,0.5,60,0.0003692446317395402
0.085,0.14,0.5,70,0.046662623366794206
0.085,0.14,0.5,80,0.48552573720738107
0.085,0.14,0.5,90,0.8258358402412237
0.085,0.14,0.5,100,0.9042411323976799
0.085,0.14,0.5,110,0.9220971547532282
0.085,0.14,0.5,120,0.9369917490896343
0.085,0.14,0.5,130,0.94272742006959
0.085,0.14,0.5,140,0.9459225272259332
0.085,0.14,0.5,150,0.953205074836863
0.085,0.14,0.5,160,0.9513871211981432
0.085,0.14,0.5,170,0.9571165053138563
0.085,0.14,0.5,180,0.9569649385350806
0.085,0.14,0.5,190,0.9598856912722268
0.085,0.14,0.5,200,0.9708718260219102
0.085,0.14,0.5,210,0.991796413965278
0.085,0.14,0.5,220,1.0274436464329577
0.085,0.14,0.5,230,1.070284767275109
0.085,0.14,0.5,240,1.1167183218753651
0.085,0.14,0.5,250,1.1667085414298017
0.085,0.14,0.5,260,1.2183018499817726
0.085,0.14,0.5,270,1.2637016221806239
0.085,0.14,0.5,280,1.2921408579118143
0.085,0.14,0.5,290,1.2971121301416197
0.085,0.14,0.5,300,1.2867659287555582
0.085,0.14,0.5,310,1.2757163893468535
0.085,0.14,0.5,320,1.2720762803555468
0.085,0.14,0.5,330,1.2854589119540167
0.085,0.14,0.5,340,1.3169579712645612
0.085,0.14,0.5,350,1.361132111216951
0.085,0.14,0.5,360,1.4079074535941496
0.085,0.14,0.5,370,1.4470407606771976
0.085,0.14,0.5,380,1.4822543040276326
0.085,0.14,0.5,390,1.5215275167614193
0.085,0.14,0.5,400,1.5675304464206832
0.085,0.14,0.5,410,1.6159813035350625
0.085,0.14,0.5,420,1.6551303379657483
0.085,0.14,0.5,430,1.674143760953084
0.085,0.14,0.5,440,1.6704234301026628
0.085,0.14,0.5,450,1.6488843410888598
0.085,0.14,0.5,460,1.626574531918328
0.085,0.14,0.5,470,1.6202285765602902
0.085,0.14,0.5,480,1.633280201383631
0.085,0.14,0.5,490,1.6568572776810193
0.085,0.14,0.5,500,1.6749446890398845
0.085,0.14,0.5,510,1.6791003743401787
0.085,0.14,0.5,520,1.677382728322558
0.085,0.14,0.5,530,1.6849123667879489
0.085,0.14,0.5,540,1.7048428778852074
0.085,0.14,0.5,550,1.7233185297335967
0.085,0.14,0.5,560,1.7246057812627944
0.085,0.14,0.5,570,1.7048818417631648
0.085,0.14,0.5,580,1.6696186312271726
0.085,0.14,0.5,590,1.6269266344355577
0.085,0.14,0.5,600,1.5847631629171866
0.085,0.14,0.5,610,1.549973747252544
0.085,0.14,0.5,620,1.5269670890398397
0.085,0.14,0.5,630,1.515331122993499
0.085,0.14,0.5,640,1.5098805990804376
0.085,0.14,0.5,650,1.5044008990666202
0.085,0.14,0.5,660,1.494609375582353
0.085,0.14,0.5,670,1.478068227405199
0.085,0.14,0.5,680,1.4529487590097745
0.085,0.14,0.5,690,1.416746396375972
0.085,0.14,0.5,700,1.3682490814778747
0.085,0.14,0.5,710,1.3111407307406027
0.085,0.14,0.5,720,1.2527549407319394
0.085,0.14,0.5,730,1.1997611892273505
0.085,0.14,0.5,740,1.155926931553601
0.085,0.14,0.5,750,1.1229139796827587
0.085,0.14,0.5,760,1.1017847346075762
0.085,0.14,0.5,770,1.0924085688420906
0.085,0.14,0.5,780,1.0920334026942375
0.085,0.14,0.5,790,1.0956685963941382
0.085,0.14,0.5,800,1.097752842217059
0.085,0.14,0.5,810,1.093904133902935
0.085,0.14,0.5,820,1.0819382024367412
0.085,0.14,0.5,830,1.0619206977679116
0.085,0.14,0.5,840,1.0361231483478521
0.085,0.14,0.5,850,1.0085336531487665
0.085,0.14,0.5,860,0.9833623236804336
0.085,0.14,0.5,870,0.9635392666886117
0.085,0.14,0.5,880,0.9498711708005718
0.085,0.14,0.5,890,0.9411869937899603
0.085,0.14,0.5,900,0.9354669422354779
0.085,0.14,0.5,910,0.9308990861917079
0.085,0.14,0.5,920,0.9262863798478266
0.085,0.14,0.5,930,0.9208905431125379
0.085,0.14,0.5,940,0.9139619982997517
0.085,0.14,0.5,950,0.9047607249541328
0.085,0.14,0.5,960,0.8932167622500686
0.085,0.14,0.5,970,0.8804268612581581
0.085,0.14,0.5,980,0.868447268368055
0.085,0.14,0.5,990,0.8593956598201031
0.085,0.14,0.5,1000,0.8545306403853566
0.085,0.14,0.5,1010,0.8539884555097608
0.085,0.14,0.5,1020,0.857049850782601
0.085,0.14,0.5,1030,0.8625981735885496
0.085,0.14,0.5,1040,0.8695549063010234
0.085,0.14,0.5,1050,0.8770645230206578
0.085,0.14,0.5,1060,0.8844972132424753
0.085,0.14,0.5,1070,0.8914367137025504
0.085,0.14,0.5,1080,0.8976622829413685
0.085,0.14,0.5,1090,0.9031584897082736
0.085,0.14,0.5,1100,0.9081046514457882
0.085,0.14,0.5,1110,0.9127964245682152
0.085,0.14,0.5,1120,0.9176046274386142
0.085,0.14,0.5,1130,0.9229717610617844
0.085,0.14,0.5,1140,0.9293587203658876
0.085,0.14,0.5,1150,0.9371243837231694
0.085,0.14,0.5,1160,0.9463663383945727
0.085,0.14,0.5,1170,0.9568538528955128
0.085,0.14,0.5,1180,0.9681612307674154
0.085,0.14,0.5,1190,0.9798957280948041
0.085,0.14,0.5,1200,0.9918453292822422
0.085,0.14,0.5,1210,1.0039719282196284
0.085,0.14,0.5,1220,1.0163165825729188
0.085,0.14,0.5,1230,1.0289673684729588
0.085,0.14,0.5,1240,1.0421130763747823
0.085,0.14,0.5,1250,1.05605319464236
0.085,0.14,0.5,1260,1.0710844108383877
0.085,0.14,0.5,1270,1.087307774402764
0.085,0.14,0.5,1280,1.1044871675031718
0.085,0.14,0.5,1290,1.122081477617756
0.085,0.14,0.5,1300,1.1394400124319581
0.085,0.14,0.5,1310,1.156042138033688
0.085,0.14,0.5,1320,1.1716405881082437
0.085,0.14,0.5,1330,1.1862135490979362
0.085,0.14,0.5,1340,1.1997729437662352
0.085,0.14,0.5,1350,1.2121932405163993
0.085,0.14,0.5,1360,1.2232090654809287
0.085,0.14,0.5,1370,1.2326170556930436
0.085,0.14,0.5,1380,1.2405386427148988
0.085,0.14,0.5,1390,1.2475022903102957
0.085,0.14,0.5,1400,1.254227122619853
0.085,0.14,0.5,1410,1.2612245439523295
0.085,0.14,0.5,1420,1.2684923704503757
0.085,0.14,0.5,1430,1.2755242227512427
0.085,0.14,0.5,1440,1.2816095032520343
0.085,0.14,0.5,1450,1.2861846883559123
0.085,0.14,0.5,1460,1.2889961641480125
0.085,0.14,0.5,1470,1.290018808452001
0.085,0.14,0.5,1480,1.2892793001389202
0.085,0.14,0.5,1490,1.2867707690716461
0.085,0.14,0.5,1500,1.282510240621523
0.085,0.14,0.5,1510,1.2766523000564356
0.085,0.14,0.5,1520,1.2695400450580845
0.085,0.14,0.5,1530,1.2616419569500377
0.085,0.14,0.5,1540,1.2534175007267603
0.085,0.14,0.5,1550,1.245192940172427
0.085,0.14,0.5,1560,1.2371083015695765
0.085,0.14,0.5,1570,1.229152354746848
0.085,0.14,0.5,1580,1.2212546729051852
0.085,0.14,0.5,1590,1.2133771116478513
0.085,0.14,0.5,1600,1.205555578674677
0.085,0.14,0.5,1610,1.197878455033409
0.085,0.14,0.5,1620,1.190430177249771
0.085,0.14,0.5,1630,1.1832452821037183
0.085,0.14,0.5,1640,1.1762996102164833
0.085,0.14,0.5,1650,1.16953496983017
0.085,0.14,0.5,1660,1.162893069270196
0.085,0.14,0.5,1670,1.1563334772642362
0.085,0.14,0.5,1680,1.1498270757490388
0.085,0.14,0.5,1690,1.1433363389254239
0.085,0.14,0.5,1700,1.1368039815828601
0.085,0.14,0.5,1710,1.1301664218428178
0.085,0.14,0.5,1720,1.1233895893859274
0.085,0.14,0.5,1730,1.1165053996623389
0.085,0.14,0.5,1740,1.1096233520245862
0.085,0.14,0.5,1750,1.1029069271123493
0.085,0.14,0.5,1760,1.0965276426346722
0.085,0.14,0.5,1770,1.0906221743581548
0.085,0.14,0.5,1780,1.085270798563783
0.085,0.14,0.5,1790,1.0804979048679877
0.085,0.14,0.5,1800,1.0762841041800706
0.085,0.14,0.5,1810,1.0725814481906966
0.085,0.14,0.5,1820,1.06933027840857
0.085,0.14,0.5,1830,1.0664770197015032
0.085,0.14,0.5,1840,1.0639870639579683
0.085,0.14,0.5,1850,1.061845454364358
0.085,0.14,0.5,1860,1.060045881159644
0.085,0.14,0.5,1870,1.058578680216803
0.085,0.14,0.5,1880,1.057429196888529
0.085,0.14,0.5,1890,1.0565868191713603
0.085,0.14,0.5,1900,1.0560530200762743
0.085,0.14,0.5,1910,1.0558364725223426
0.085,0.14,0.5,1920,1.055935878683463
0.085,0.14,0.5,1930,1.0563244246086094
0.085,0.14,0.5,1940,1.0569506343348885
0.085,0.14,0.5,1950,1.0577577002928604
0.085,0.14,0.5,1960,1.0587081247146786
0.085,0.14,0.5,1970,1.0597959176854521
0.085,0.14,0.5,1980,1.0610384635885597
0.085,0.14,0.5,1990,1.0624557573821019
0.085,0.14,0.5,2000,1.0640532429447755
0.085,0.14,0.5,2010,1.0658196738186942
0.085,0.14,0.5,2020,1.0677379155553473
0.085,0.14,0.5,2030,1.0697961939850655
0.085,0.14,0.5,2040,1.071988654259906
0.085,0.14,0.5,2050,1.074305373200247
0.085,0.14,0.5,2060,1.0767226850550429
0.085,0.14,0.5,2070,1.079204800016644
0.085,0.14,0.5,2080,1.0817170868563952
0.085,0.14,0.5,2090,1.0842403605545095
0.085,0.14,0.5,2100,1.0867745956705765
0.085,0.14,0.5,2110,1.089330257933128
0.085,0.14,0.5,2120,1.091916122234256
0.085,0.14,0.5,2130,1.0945336321075025
0.085,0.14,0.5,2140,1.097179398331162
0.085,0.14,0.5,2150,1.0998491087070354
0.085,0.14,0.5,2160,1.10253654455493
0.085,0.14,0.5,2170,1.1052290314430917
0.085,0.14,0.5,2180,1.10790604417494
0.085,0.14,0.5,2190,1.1105444160066282
0.085,0.14,0.5,2200,1.1131257564952173
0.085,0.14,0.5,2210,1.1156388024851511
0.085,0.14,0.5,2220,1.118075200896165
0.085,0.14,0.5,2230,1.1204251411590618
0.085,0.14,0.5,2240,1.1226798172019996
0.085,0.14,0.5,2250,1.1248395085531737
0.085,0.14,0.5,2260,1.1269180820087306
0.085,0.14,0.5,2270,1.1289363554861414
0.085,0.14,0.5,2280,1.1309072583048239
0.085,0.14,0.5,2290,1.1328244745866678
0.085,0.14,0.5,2300,1.1346639111071184
0.085,0.14,0.5,2310,1.136395931072742
0.085,0.14,0.5,2320,1.1379972538156324
0.085,0.14,0.5,2330,1.1394534395163798
0.085,0.14,0.5,2340,1.140753194589804
0.085,0.14,0.5,2350,1.141883478251042
0.085,0.14,0.5,2360,1.1428320611987552
0.085,0.14,0.5,2370,1.1435951822771075
0.085,0.14,0.5,2380,1.144182231616702
0.085,0.14,0.5,2390,1.1446126080944157
0.085,0.14,0.5,2400,1.144907942004468
0.085,0.14,0.5,2410,1.1450868810281594
0.085,0.14,0.5,2420,1.145165684894154
0.085,0.14,0.5,2430,1.1451609118258153
0.085,0.14,0.5,2440,1.1450884084817858
0.085,0.14,0.5,2450,1.1449577545963066
0.085,0.14,0.5,2460,1.1447675642942938
0.085,0.14,0.5,2470,1.144507436438961
0.085,0.14,0.5,2480,1.1441661202886706
0.085,0.14,0.5,2490,1.1437391575354652
0.085,0.14,0.5,2500,1.1432296148352625
0.085,0.14,0.5,2510,1.1426423019861307
0.085,0.14,0.5,2520,1.1419781194259446
0.085,0.14,0.5,2530,1.1412344671271624
0.085,0.14,0.5,2540,1.140410866758183
0.085,0.14,0.5,2550,1.1395133049391486
0.085,0.14,0.5,2560,1.1385521593524628
0.085,0.14,0.5,2570,1.137535403599276
0.085,0.14,0.5,2580,1.1364638876601498
0.085,0.14,0.5,2590,1.1353335410543957
0.085,0.14,0.5,2600,1.1341424770916282
0.085,0.14,0.5,2610,1.132896337014728
0.085,0.14,0.5,2620,1.1316074000237129
0.085,0.14,0.5,2630,1.1302894226869014
0.085,0.14,0.5,2640,1.1289540230946566
0.085,0.14,0.5,2650,1.127611908498918
0.085,0.14,0.5,2660,1.1262764815530786
0.085,0.14,0.5,2670,1.124964707545285
0.085,0.14,0.5,2680,1.12369329556666
0.085,0.14,0.5,2690,1.122473578985029
0.085,0.14,0.5,2700,1.12131007576776
0.085,0.14,0.5,2710,1.1202038982064246
0.085,0.14,0.5,2720,1.1191572070837958
0.085,0.14,0.5,2730,1.1181741475917757
0.085,0.14,0.5,2740,1.1172578699440792
0.085,0.14,0.5,2750,1.1164076854565985
0.085,0.14,0.5,2760,1.1156202581216084
0.085,0.14,0.5,2770,1.1148941842209878
0.085,0.14,0.5,2780,1.114233349145007
0.085,0.14,0.5,2790,1.1136453964109227
0.085,0.14,0.5,2800,1.113136544786201
0.085,0.14,0.5,2810,1.112707658646244
0.085,0.14,0.5,2820,1.1123550758515224
0.085,0.14,0.5,2830,1.1120747958506199
0.085,0.14,0.5,2840,1.1118654061305522
0.085,0.14,0.5,2850,1.1117268386984696
0.085,0.14,0.5,2860,1.111656692722195
0.085,0.14,0.5,2870,1.1116484292051398
0.085,0.14,0.5,2880,1.1116936236513566
0.085,0.14,0.5,2890,1.1117860868025253
0.085,0.14,0.5,2900,1.1119237317948085
0.085,0.14,0.5,2910,1.1121065136363493
0.085,0.14,0.5,2920,1.1123328311589362
0.085,0.14,0.5,2930,1.1125981168177326
0.085,0.14,0.5,2940,1.1128967037269302
0.085,0.14,0.5,2950,1.1132244762559238
0.085,0.14,0.5,2960,1.1135791521210374
0.085,0.14,0.5,2970,1.1139578699112993
0.085,0.14,0.5,2980,1.114354846389858
0.085,0.14,0.5,2990,1.1147618417230785
0.085,0.14,0.5,3000,1.1151711439108534
0.085,0.14,0.5,3010,1.1155781110811123
0.085,0.14,0.5,3020,1.1159808665903834
0.085,0.14,0.5,3030,1.1163778377243578
0.085,0.14,0.5,3040,1.1167660535509847
0.085,0.14,0.5,3050,1.1171421065949794
0.085,0.14,0.5,3060,1.1175046333575678
0.085,0.14,0.5,3070,1.1178554363424975
0.085,0.14,0.5,3080,1.1181978030173947
0.085,0.14,0.5,3090,1.1185335673396852
0.085,0.14,0.5,3100,1.1188617665951157
0.085,0.14,0.5,3110,1.1191800230679818
0.085,0.14,0.5,3120,1.1194869448809646
0.085,0.14,0.5,3130,1.1197829224301394
0.085,0.14,0.5,3140,1.120068581859958
0.085,0.14,0.5,3150,1.1203427248878692
0.085,0.14,0.5,3160,1.1206020833698422
0.085,0.14,0.5,3170,1.1208432121721084
0.085,0.14,0.5,3180,1.1210645709086025
0.085,0.14,0.5,3190,1.1212667237736382
0.085,0.14,0.5,3200,1.1214506478677688
0.085,0.14,0.5,3210,1.1216161000393992
0.085,0.14,0.5,3220,1.1217617868404277
0.085,0.14,0.5,3230,1.1218870457841514
0.085,0.14,0.5,3240,1.1219931359072064
0.085,0.14,0.5,3250,1.1220827433558958
0.085,0.14,0.5,3260,1.1221582851418126
0.085,0.14,0.5,3270,1.1222208544671952
0.085,0.14,0.5,3280,1.1222708757350173
0.085,0.14,0.5,3290,1.1223096425834993
0.085,0.14,0.5,3300,1.1223399734948583
0.085,0.14,0.5,3310,1.1223652083655995
0.085,0.14,0.5,3320,1.122387559417313
0.085,0.14,0.5,3330,1.1224074839918217
0.085,0.14,0.5,3340,1.1224246142852219
0.085,0.14,0.5,3350,1.1224391325159124
0.085,0.14,0.5,3360,1.1224520854604245
0.085,0.14,0.5,3370,1.1224643542348782
0.085,0.14,0.5,3380,1.1224754679466595
0.085,0.14,0.5,3390,1.1224836007827648
0.085,0.14,0.5,3400,1.1224868150572143
0.085,0.14,0.5,3410,1.1224843145191792
0.085,0.14,0.5,3420,1.1224765190674615
0.085,0.14,0.5,3430,1.12246404823025
0.085,0.14,0.5,3440,1.122446802818595
0.085,0.14,0.5,3450,1.1224241174601561
0.085,0.14,0.5,3460,1.1223957294084848
0.085,0.14,0.5,3470,1.1223624300692296
0.085,0.14,0.5,3480,1.1223256510042472
0.085,0.14,0.5,3490,1.1222864091095874
0.085,0.14,0.5,3500,1.1222447058021665
0.085,0.14,0.5,3510,1.1221999519996668
0.085,0.14,0.5,3520,1.1221518882014654
0.085,0.14,0.5,3530,1.122100987918299
0.085,0.14,0.5,3540,1.1220479528068728
0.085,0.14,0.5,3550,1.1219929113573863
0.085,0.14,0.5,3560,1.1219352288256887
0.085,0.14,0.5,3570,1.121874141563114
0.085,0.14,0.5,3580,1.1218095328224098
0.085,0.14,0.5,3590,1.1217420380252348
0.085,0.14,0.5,3600,1.1216724105191564
0.085,0.14,0.5,3610,1.1216008633846442
0.085,0.14,0.5,3620,1.1215270917549411
0.085,0.14,0.5,3630,1.121450921709243
0.085,0.14,0.5,3640,1.1213728670125693
0.085,0.14,0.5,3650,1.1212940048361313
0.085,0.14,0.5,3660,1.1212153283476973
0.085,0.14,0.5,3670,1.121137274398116
0.085,0.14,0.5,3680,1.121059897022751
0.085,0.14,0.5,3690,1.1209834450022849
0.085,0.14,0.5,3700,1.120908686720129
0.085,0.14,0.5,3710,1.1208366319365053
0.085,0.14,0.5,3720,1.1207679622812636
0.085,0.14,0.5,3730,1.120702777288322
0.085,0.14,0.5,3740,1.120640898155728
0.085,0.14,0.5,3750,1.1205823718687582
0.085,0.14,0.5,3760,1.1205276337588426
0.085,0.14,0.5,3770,1.120477187616368
0.085,0.14,0.5,3780,1.1204311867624677
0.085,0.14,0.5,3790,1.120389380903561
0.085,0.14,0.5,3800,1.1203514715850769
0.085,0.14,0.5,3810,1.1203174743842692
0.085,0.14,0.5,3820,1.1202876964495254
0.085,0.14,0.5,3830,1.1202623679761683
0.085,0.14,0.5,3840,1.1202413336247634
0.085,0.14,0.5,3850,1.1202241258763774
0.085,0.14,0.5,3860,1.120210321165873
0.085,0.14,0.5,3870,1.120199788598493
0.085,0.14,0.5,3880,1.1201925818404053
0.085,0.14,0.5,3890,1.1201886215347787
0.085,0.14,0.5,3900,1.120187530454953
0.085,0.14,0.5,3910,1.1201887986833103
0.085,0.14,0.5,3920,1.1201920924842745
0.085,0.14,0.5,3930,1.1201973762491437
0.085,0.14,0.5,3940,1.1202047319549269
0.085,0.14,0.5,3950,1.1202140840824535
0.085,0.14,0.5,3960,1.1202251198861515
0.085,0.14,0.5,3970,1.1202374650420488
0.085,0.14,0.5,3980,1.1202508990834292
0.085,0.14,0.5,3990,1.1202653701365437
0.085,0.14,0.5,4000,1.1202808030413782
0.085,0.14,0.5,4010,1.1202969201354036
0.085,0.14,0.5,4020,1.120313269310756
0.085,0.14,0.5,4030,1.1203294224168618
0.085,0.14,0.5,4040,1.120345130166046
0.085,0.14,0.5,4050,1.1203602826453418
0.085,0.14,0.5,4060,1.1203747432215638
0.085,0.14,0.5,4070,1.1203882531244032
0.085,0.14,0.5,4080,1.1204005119923235
0.085,0.14,0.5,4090,1.1204113407149756
0.085,0.14,0.5,4100,1.1204207484595656
0.085,0.14,0.5,4110,1.1204288389178014
0.085,0.14,0.5,4120,1.120435666461535
0.085,0.14,0.5,4130,1.12044119796623
0.085,0.14,0.5,4140,1.120445410988646
0.085,0.14,0.5,4150,1.1204484098546037
0.085,0.14,0.5,4160,1.1204504297130127
0.085,0.14,0.5,4170,1.1204517271141918
0.085,0.14,0.5,4180,1.1204524760475851
0.085,0.14,0.5,4190,1.1204527721020314
0.085,0.14,0.5,4200,1.1204527225350118
0.085,0.14,0.5,4210,1.1204525094216211
0.085,0.14,0.5,4220,1.120452351805457
0.085,0.14,0.5,4230,1.1204524091126635
0.085,0.14,0.5,4240,1.1204527302986524
0.085,0.14,0.5,4250,1.120453298097856
0.085,0.14,0.5,4260,1.120454113981394
0.085,0.14,0.5,4270,1.1204552330289503
0.085,0.14,0.5,4280,1.1204567226132107
0.085,0.14,0.5,4290,1.1204586055620327
0.085,0.14,0.5,4300,1.12046086040911
0.085,0.14,0.5,4310,1.1204634810596654
0.085,0.14,0.5,4320,1.1204665294799874
0.085,0.14,0.5,4330,1.120470124083366
0.085,0.14,0.5,4340,1.1204743784330975
0.085,0.14,0.5,4350,1.1204793562428448
0.085,0.14,0.5,4360,1.1204850842351917
0.085,0.14,0.5,4370,1.1204915965588425
0.085,0.14,0.5,4380,1.1204989515556882
0.085,0.14,0.5,4390,1.120507198053158
0.085,0.14,0.5,4400,1.1205163287957638
0.085,0.14,0.5,4410,1.120526273570804
0.085,0.14,0.5,4420,1.120536939390812
0.085,0.14,0.5,4430,1.1205482535134088
0.085,0.14,0.5,4440,1.1205601653037047
0.085,0.14,0.5,4450,1.1205726119938815
0.085,0.14,0.5,4460,1.1205854935452846
0.085,0.14,0.5,4470,1.1205986882918688
0.085,0.14,0.5,4480,1.120612091914425
0.085,0.14,0.5,4490,1.1206256352733597
0.085,0.14,0.5,4500,1.1206392618558685
0.085,0.14,0.5,4510,1.1206528924593038
0.085,0.14,0.5,4520,1.1206664188231568
0.085,0.14,0.5,4530,1.1206797338757697
0.085,0.14,0.5,4540,1.1206927641417057
0.085,0.14,0.5,4550,1.1207054680592334
0.085,0.14,0.5,4560,1.1207178036821432
0.085,0.14,0.5,4570,1.1207297041940976
0.085,0.14,0.5,4580,1.1207410898156802
0.085,0.14,0.5,4590,1.1207519019228704
0.085,0.14,0.5,4600,1.1207621189582033
0.085,0.14,0.5,4610,1.1207717340815027
0.085,0.14,0.5,4620,1.1207807180544014
0.085,0.14,0.5,4630,1.120789007858601
0.085,0.14,0.5,4640,1.1207965327300853
0.085,0.14,0.5,4650,1.1208032475395882
0.085,0.14,0.5,4660,1.120809136055438
0.085,0.14,0.5,4670,1.120814181693269
0.085,0.14,0.5,4680,1.120818340859289
0.085,0.14,0.5,4690,1.1208215514115203
0.085,0.14,0.5,4700,1.1208237691124112
0.085,0.14,0.5,4710,1.1208249931205252
0.085,0.14,0.5,4720,1.1208252534561691
0.085,0.14,0.5,4730,1.1208245755312503
0.085,0.14,0.5,4740,1.120822961843054
0.085,0.14,0.5,4750,1.1208204108868156
0.085,0.14,0.5,4760,1.1208169509995087
0.085,0.14,0.5,4770,1.120812649815152
0.085,0.14,0.5,4780,1.1208075872647285
0.085,0.14,0.5,4790,1.1208018208730288
0.085,0.14,0.5,4800,1.1207953807608728
0.085,0.14,0.5,4810,1.1207882986849125
0.085,0.14,0.5,4820,1.120780637662777
0.085,0.14,0.5,4830,1.1207724883155294
0.085,0.14,0.5,4840,1.1207639352362861
0.085,0.14,0.5,4850,1.1207550299614022
0.085,0.14,0.5,4860,1.1207457996052859
0.085,0.14,0.5,4870,1.1207362806150165
0.085,0.14,0.5,4880,1.1207265395286319
0.085,0.14,0.5,4890,1.120716657471886
0.085,0.14,0.5,4900,1.120706695577268
0.085,0.14,0.5,4910,1.1206966796225277
0.085,0.14,0.5,4920,1.1206866208726065
0.085,0.14,0.5,4930,1.1206765503220573
0.085,0.14,0.5,4940,1.1206665292679268
0.085,0.14,0.5,4950,1.1206566257111517
0.085,0.14,0.5,4960,1.120646883679209
0.085,0.14,0.5,4970,1.1206373197322124
0.085,0.14,0.5,4980,1.1206279502584353
0.085,0.14,0.5,4990,1.1206188189916002
0.085,0.14,0.5,5000,1.1206099940691059
0.085,0.14,0.5,5010,1.1206015375263554
0.085,0.14,0.5,5020,1.1205934800480741
0.085,0.14,0.5,5030,1.120585827392088
0.085,0.14,0.5,5040,1.120578589845981
0.085,0.14,0.5,5050,1.1205718012234533
0.085,0.14,0.5,5060,1.120565506231828
0.085,0.14,0.5,5070,1.120559730305162
0.085,0.14,0.5,5080,1.1205544651893375
0.085,0.14,0.5,5090,1.1205496860135469
0.085,0.14,0.5,5100,1.120545381167259
0.085,0.14,0.5,5110,1.1205415628979496
0.085,0.14,0.5,5120,1.1205382482979784
0.085,0.14,0.5,5130,1.120535432800064
0.085,0.14,0.5,5140,1.120533085878944
0.085,0.14,0.5,5150,1.120531173714682
0.085,0.14,0.5,5160,1.1205296840292738
0.085,0.14,0.5,5170,1.12052862641531
0.085,0.14,0.5,5180,1.120528008619922
0.085,0.14,0.5,5190,1.1205278152182383
0.085,0.14,0.5,5200,1.120528011738193
0.085,0.14,0.5,5210,1.120528569012597
0.085,0.14,0.5,5220,1.1205294807012172
0.085,0.14,0.5,5230,1.1205307550452115
0.085,0.14,0.5,5240,1.120532390366856
0.085,0.14,0.5,5250,1.1205343611891583
0.085,0.14,0.5,5260,1.1205366296104744
0.085,0.14,0.5,5270,1.120539168852388
0.085,0.14,0.5,5280,1.1205419731603592
0.085,0.14,0.5,5290,1.1205450438409708
0.085,0.14,0.5,5300,1.1205483674127386
0.085,0.14,0.5,5310,1.1205519099553531
0.085,0.14,0.5,5320,1.1205556335309557
0.085,0.14,0.5,5330,1.1205595165201556
0.085,0.14,0.5,5340,1.120563556039253
0.085,0.14,0.5,5350,1.1205677506112537
0.085,0.14,0.5,5360,1.1205720825908483
0.085,0.14,0.5,5370,1.1205765194081037
0.085,0.14,0.5,5380,1.1205810316883689
0.085,0.14,0.5,5390,1.1205856080871741
0.085,0.14,0.5,5400,1.1205902508425378
0.085,0.14,0.5,5410,1.1205949573365588
0.085,0.14,0.5,5420,1.120599707835177
0.085,0.14,0.5,5430,1.1206044722153188
0.085,0.14,0.5,5440,1.1206092275899011
0.085,0.14,0.5,5450,1.1206139673174786
0.085,0.14,0.5,5460,1.120618691898405
0.085,0.14,0.5,5470,1.1206233921453377
0.085,0.14,0.5,5480,1.1206280429969653
0.085,0.14,0.5,5490,1.1206326142466887
0.085,0.14,0.5,5500,1.1206370860565857
0.085,0.14,0.5,5510,1.1206414524674841
0.085,0.14,0.5,5520,1.120645709692803
0.085,0.14,0.5,5530,1.1206498425005007
0.085,0.14,0.5,5540,1.1206538235503598
0.085,0.14,0.5,5550,1.1206576260634922
0.085,0.14,0.5,5560,1.1206612358602428
0.085,0.14,0.5,5570,1.1206646500369681
0.085,0.14,0.5,5580,1.12066786440931
0.085,0.14,0.5,5590,1.1206708638310536
0.085,0.14,0.5,5600,1.1206736258282297
0.085,0.14,0.5,5610,1.120676133248161
0.085,0.14,0.5,5620,1.1206783820995343
0.085,0.14,0.5,5630,1.1206803764669793
0.085,0.14,0.5,5640,1.1206821165685759
0.085,0.14,0.5,5650,1.12068359310685
0.085,0.14,0.5,5660,1.120684793733891
0.085,0.14,0.5,5670,1.120685714189059
0.085,0.14,0.5,5680,1.1206863619579461
0.085,0.14,0.5,5690,1.1206867488241368
0.085,0.14,0.5,5700,1.120686880735054
0.085,0.14,0.5,5710,1.1206867558967857
0.085,0.14,0.5,5720,1.1206863727009835
0.085,0.14,0.5,5730,1.120685738471257
0.085,0.14,0.5,5740,1.1206848695388727
0.085,0.14,0.5,5750,1.120683782872437
0.085,0.14,0.5,5760,1.1206824885216922
0.085,0.14,0.5,5770,1.1206809908457331
0.085,0.14,0.5,5780,1.1206792967277395
0.085,0.14,0.5,5790,1.1206774215910633
0.085,0.14,0.5,5800,1.1206753868211679
0.085,0.14,0.5,5810,1.1206732116980955
0.085,0.14,0.5,5820,1.1206709086708095
0.085,0.14,0.5,5830,1.1206684868015315
0.085,0.14,0.5,5840,1.1206659592228696
0.085,0.14,0.5,5850,1.1206633463450006
0.085,0.14,0.5,5860,1.1206606714747394
0.085,0.14,0.5,5870,1.1206579537616315
0.085,0.14,0.5,5880,1.1206552059863504
0.085,0.14,0.5,5890,1.1206524391387707
0.085,0.14,0.5,5900,1.1206496683773535
0.085,0.14,0.5,5910,1.1206469137570139
0.085,0.14,0.5,5920,1.1206441950461903
0.085,0.14,0.5,5930,1.1206415263179637
0.085,0.14,0.5,5940,1.1206389159754209
0.085,0.14,0.5,5950,1.1206363718028223
0.085,0.14,0.5,5960,1.1206339053253431
0.085,0.14,0.5,5970,1.1206315308242865
0.085,0.14,0.5,5980,1.120629260334797
0.085,0.14,0.5,5990,1.1206271001854977
0.085,0.14,0.5,6000,1.1206250527129142
0.085,0.14,0.5,6010,1.1206231210781803
0.085,0.14,0.5,6020,1.1206213119194126
0.085,0.14,0.5,6030,1.1206196331725913
0.085,0.14,0.5,6040,1.120618089688355
0.085,0.14,0.5,6050,1.1206166814710352
0.085,0.14,0.5,6060,1.1206154062976983
0.085,0.14,0.5,6070,1.120614263706442
0.085,0.14,0.5,6080,1.1206132560511757
0.085,0.14,0.5,6090,1.120612385693475
0.085,0.14,0.5,6100,1.120611651568192
0.085,0.14,0.5,6110,1.1206110488420402
0.085,0.14,0.5,6120,1.1206105718767383
0.085,0.14,0.5,6130,1.1206102171811543
0.085,0.14,0.5,6140,1.1206099832519782
0.085,0.14,0.5,6150,1.1206098677023437
0.085,0.14,0.5,6160,1.1206098649468674
0.085,0.14,0.5,6170,1.120609966929045
0.085,0.14,0.5,6180,1.120610165995239
0.085,0.14,0.5,6190,1.1206104568004838
0.085,0.14,0.5,6200,1.1206108353590813
0.085,0.14,0.5,6210,1.1206112965085677
0.085,0.14,0.5,6220,1.1206118326638188
0.085,0.14,0.5,6230,1.1206124351790983
0.085,0.14,0.5,6240,1.1206130967779269
0.085,0.14,0.5,6250,1.1206138124638148
0.085,0.14,0.5,6260,1.1206145780996304
0.085,0.14,0.5,6270,1.1206153883564012
0.085,0.14,0.5,6280,1.120616236276014
0.085,0.14,0.5,6290,1.1206171148195432
0.085,0.14,0.5,6300,1.1206180186254362
0.085,0.14,0.5,6310,1.120618944098262
0.085,0.14,0.5,6320,1.1206198878399627
0.085,0.14,0.5,6330,1.1206208451927062
0.085,0.14,0.5,6340,1.1206218104204129
0.085,0.14,0.5,6350,1.1206227782125848
0.085,0.14,0.5,6360,1.1206237448176366
0.085,0.14,0.5,6370,1.1206247076333558
0.085,0.14,0.5,6380,1.1206256638018448
0.085,0.14,0.5,6390,1.120626609375511
0.085,0.14,0.5,6400,1.1206275398994923
0.085,0.14,0.5,6410,1.120628451691658
0.085,0.14,0.5,6420,1.1206293424198992
0.085,0.14,0.5,6430,1.1206302104222672
0.085,0.14,0.5,6440,1.1206310535903201
0.085,0.14,0.5,6450,1.1206318690310793
0.085,0.14,0.5,6460,1.120632653801249
0.085,0.14,0.5,6470,1.1206334058490333
0.085,0.14,0.5,6480,1.1206341241486097
0.085,0.14,0.5,6490,1.1206348079480768
0.085,0.14,0.5,6500,1.1206354559933376
0.085,0.14,0.5,6510,1.1206360665422677
0.085,0.14,0.5,6520,1.1206366380778197
0.085,0.14,0.5,6530,1.1206371698957653
0.085,0.14,0.5,6540,1.12063766194935
0.085,0.14,0.5,6550,1.1206381141695196
0.085,0.14,0.5,6560,1.1206385260171106
0.085,0.14,0.5,6570,1.1206388967067402
0.085,0.14,0.5,6580,1.120639225796233
0.085,0.14,0.5,6590,1.1206395134813638
0.085,0.14,0.5,6600,1.1206397603103784
0.085,0.14,0.5,6610,1.1206399666809455
0.085,0.14,0.5,6620,1.1206401326723046
0.085,0.14,0.5,6630,1.1206402583631736
0.085,0.14,0.5,6640,1.1206403442544142
0.085,0.14,0.5,6650,1.1206403913479666
0.085,0.14,0.5,6660,1.120640400841425
0.085,0.14,0.5,6670,1.120640373807955
0.085,0.14,0.5,6680,1.1206403112005832
0.085,0.14,0.5,6690,1.1206402141378466
0.085,0.14,0.5,6700,1.1206400841303568
0.085,0.14,0.5,6710,1.1206399230086408
0.085,0.14,0.5,6720,1.1206397326558715
0.085,0.14,0.5,6730,1.1206395148406683
0.085,0.14,0.5,6740,1.1206392712987778
0.085,0.14,0.5,6750,1.120639003929512
0.085,0.14,0.5,6760,1.1206387148649641
0.085,0.14,0.5,6770,1.1206384063424426
0.085,0.14,0.5,6780,1.1206380805285208
0.085,0.14,0.5,6790,1.1206377394777216
0.085,0.14,0.5,6800,1.120637385233205
0.085,0.14,0.5,6810,1.1206370199257798
0.085,0.14,0.5,6820,1.120636645748647
0.085,0.14,0.5,6830,1.1206362648460648
0.085,0.14,0.5,6840,1.12063587924197
0.085,0.14,0.5,6850,1.1206354908748302
0.085,0.14,0.5,6860,1.1206351016708374
0.085,0.14,0.5,6870,1.120634713554201
0.085,0.14,0.5,6880,1.1206343283832594
0.085,0.14,0.5,6890,1.1206339478900706
0.085,0.14,0.5,6900,1.120633573694527
0.085,0.14,0.5,6910,1.1206332073597138
0.085,0.14,0.5,6920,1.1206328504078764
0.085,0.14,0.5,6930,1.120632504264919
0.085,0.14,0.5,6940,1.12063217019837
0.085,0.14,0.5,6950,1.1206318493211667
0.085,0.14,0.5,6960,1.1206315426551623
0.085,0.14,0.5,6970,1.1206312511695193
0.085,0.14,0.5,6980,1.1206309757377257
0.085,0.14,0.5,6990,1.1206307170563765
0.085,0.14,0.5,7000,1.1206304756228922
0.085,0.14,0.5,7010,1.1206302518036901
0.085,0.14,0.5,7020,1.1206300459198115
0.085,0.14,0.5,7030,1.1206298582493517
0.085,0.14,0.5,7040,1.1206296889447651
0.085,0.14,0.5,7050,1.120629537960973
0.085,0.14,0.5,7060,1.120629405089115
0.085,0.14,0.5,7070,1.1206292900662946
0.085,0.14,0.5,7080,1.1206291926483505
0.085,0.14,0.5,7090,1.1206291125648897
0.085,0.14,0.5,7100,1.1206290494111475
0.085,0.14,0.5,7110,1.1206290026067705
0.085,0.14,0.5,7120,1.1206289714766962
0.085,0.14,0.5,7130,1.1206289553734516
0.085,0.14,0.5,7140,1.1206289537111067
0.085,0.14,0.5,7150,1.120628965874335
0.085,0.14,0.5,7160,1.1206289911111698
0.085,0.14,0.5,7170,1.1206290285336078
0.085,0.14,0.5,7180,1.120629077234207
0.085,0.14,0.5,7190,1.1206291363966516
0.085,0.14,0.5,7200,1.1206292052811524
0.085,0.14,0.5,7210,1.1206292831062674
0.085,0.14,0.5,7220,1.1206293689628093
0.085,0.14,0.5,7230,1.120629461862277
0.085,0.14,0.5,7240,1.120629560871251
0.085,0.14,0.5,7250,1.1206296651904946
0.085,0.14,0.5,7260,1.1206297740953817
0.085,0.14,0.5,7270,1.1206298868089442
0.085,0.14,0.5,7280,1.1206300024537168
0.085,0.14,0.5,7290,1.1206301201388127
0.085,0.14,0.5,7300,1.1206302390921519
0.085,0.14,0.5,7310,1.120630358695163
0.085,0.14,0.5,7320,1.12063047838699
0.085,0.14,0.5,7330,1.1206305975475648
0.085,0.14,0.5,7340,1.1206307154901427
0.085,0.14,0.5,7350,1.1206308315741509
0.085,0.14,0.5,7360,1.1206309453133159
0.085,0.14,0.5,7370,1.120631056364301
0.085,0.14,0.5,7380,1.12063116440787
0.085,0.14,0.5,7390,1.1206312690558644
0.085,0.14,0.5,7400,1.1206313698842263
0.085,0.14,0.5,7410,1.1206314665516592
0.085,0.14,0.5,7420,1.1206315588748896
0.085,0.14,0.5,7430,1.1206316467740203
0.085,0.14,0.5,7440,1.120631730150498
0.085,0.14,0.5,7450,1.1206318088281377
0.085,0.14,0.5,7460,1.1206318826193036
0.085,0.14,0.5,7470,1.1206319514372847
0.085,0.14,0.5,7480,1.120632015331941
0.085,0.14,0.5,7490,1.1206320744074785
0.085,0.14,0.5,7500,1.1206321287127123
0.085,0.14,0.5,7510,1.120632178222107
0.085,0.14,0.5,7520,1.120632222922878
0.085,0.14,0.5,7530,1.1206322629100747
0.085,0.14,0.5,7540,1.1206322983838508
0.085,0.14,0.5,7550,1.1206323295528269
0.085,0.14,0.5,7560,1.120632356548113
0.085,0.14,0.5,7570,1.1206323794400261
0.085,0.14,0.5,7580,1.120632398332727
0.085,0.14,0.5,7590,1.120632413431818
0.085,0.14,0.5,7600,1.1206324250085944
0.085,0.14,0.5,7610,1.120632433302228
0.085,0.14,0.5,7620,1.1206324384637216
0.085,0.14,0.5,7630,1.1206324406002965
0.085,0.14,0.5,7640,1.1206324398660803
0.085,0.14,0.5,7650,1.120632436497847
0.085,0.14,0.5,7660,1.1206324307586377
0.085,0.14,0.5,7670,1.120632422850142
0.085,0.14,0.5,7680,1.1206324128887561
0.085,0.14,0.5,7690,1.1206324009690338
0.085,0.14,0.5,7700,1.1206323872404602
0.085,0.14,0.5,7710,1.120632371915777
0.085,0.14,0.5,7720,1.1206323552020692
0.085,0.14,0.5,7730,1.1206323372338385
0.085,0.14,0.5,7740,1.1206323180779492
0.085,0.14,0.5,7750,1.1206322978040102
0.085,0.14,0.5,7760,1.120632276541954
0.085,0.14,0.5,7770,1.1206322544650384
0.085,0.14,0.5,7780,1.1206322317208692
0.085,0.14,0.5,7790,1.120632208385299
0.085,0.14,0.5,7800,1.1206321844905809
0.085,0.14,0.5,7810,1.1206321600918343
0.085,0.14,0.5,7820,1.1206321353015205
0.085,0.14,0.5,7830,1.1206321102548689
0.085,0.14,0.5,7840,1.1206320850465017
0.085,0.14,0.5,7850,1.120632059708753
0.085,0.14,0.5,7860,1.1206320342515952
0.085,0.14,0.5,7870,1.1206320087208725
0.085,0.14,0.5,7880,1.1206319832095244
0.085,0.14,0.5,7890,1.1206319578148018
0.085,0.14,0.5,7900,1.1206319325874081
0.085,0.14,0.5,7910,1.1206319075301931
0.085,0.14,0.5,7920,1.1206318826450186
0.085,0.14,0.5,7930,1.1206318579751753
0.085,0.14,0.5,7940,1.1206318336006575
0.085,0.14,0.5,7950,1.1206318095915506
0.085,0.14,0.5,7960,1.1206317859734038
0.085,0.14,0.5,7970,1.1206317627411961
0.085,0.14,0.5,7980,1.1206317399040788
0.085,0.14,0.5,7990,1.1206317175128075
0.085,0.14,0.5,8000,1.1206316956397628
0.085,0.14,0.5,8010,1.1206316743366997
0.085,0.14,0.5,8020,1.1206316536156231
0.085,0.14,0.5,8030,1.1206316334719097
0.085,0.14,0.5,8040,1.1206316139223933
0.085,0.14,0.5,8050,1.120631595017187
0.085,0.14,0.5,8060,1.120631576812662
0.085,0.14,0.5,8070,1.1206315593367164
0.085,0.14,0.5,8080,1.1206315425838025
0.085,0.14,0.5,8090,1.1206315265420999
0.085,0.14,0.5,8100,1.12063151122306
0.085,0.14,0.5,8110,1.1206314966604305
0.085,0.14,0.5,8120,1.1206314828815123
0.085,0.14,0.5,8130,1.1206314698834263
0.085,0.14,0.5,8140,1.1206314576383343
0.085,0.14,0.5,8150,1.1206314461215086
0.085,0.14,0.5,8160,1.1206314353302458
0.085,0.14,0.5,8170,1.1206314252745255
0.085,0.14,0.5,8180,1.1206314159512551
0.085,0.14,0.5,8190,1.120631407330051
0.085,0.14,0.5,8200,1.120631399367038
0.085,0.14,0.5,8210,1.1206313920277937
0.085,0.14,0.5,8220,1.1206313852974834
0.085,0.14,0.5,8230,1.1206313791665132
0.085,0.14,0.5,8240,1.1206313736097728
0.085,0.14,0.5,8250,1.1206313685816582
0.085,0.14,0.5,8260,1.120631364032237
0.085,0.14,0.5,8270,1.120631359925307
0.085,0.14,0.5,8280,1.1206313562405685
0.085,0.14,0.5,8290,1.120631352957309
0.085,0.14,0.5,8300,1.120631350040355
0.085,0.14,0.5,8310,1.1206313474419567
0.085,0.14,0.5,8320,1.1206313451177088
0.085,0.14,0.5,8330,1.1206313430386625
0.085,0.14,0.5,8340,1.1206313411872189
0.085,0.14,0.5,8350,1.1206313395431762
0.085,0.14,0.5,8360,1.1206313380746438
0.085,0.14,0.5,8370,1.1206313367446659
0.085,0.14,0.5,8380,1.1206313355250621
0.085,0.14,0.5,8390,1.120631334401586
0.085,0.14,0.5,8400,1.1206313333675642
0.085,0.14,0.5,8410,1.1206313324116333
0.085,0.14,0.5,8420,1.120631331514738
0.085,0.14,0.5,8430,1.1206313306577564
0.085,0.14,0.5,8440,1.1206313298314055
0.085,0.14,0.5,8450,1.120631329037441
0.085,0.14,0.5,8460,1.1206313282799112
0.085,0.14,0.5,8470,1.1206313275574102
0.085,0.14,0.5,8480,1.120631326863275
0.085,0.14,0.5,8490,1.120631326192958
0.085,0.14,0.5,8500,1.1206313255504612
0.085,0.14,0.5,8510,1.1206313249452253
0.085,0.14,0.5,8520,1.120631324385661
0.085,0.14,0.5,8530,1.1206313238736172
0.085,0.14,0.5,8540,1.1206313234078358
0.085,0.14,0.5,8550,1.1206313229895282
0.085,0.14,0.5,8560,1.1206313226250595
0.085,0.14,0.5,8570,1.1206313223226705
0.085,0.14,0.5,8580,1.1206313220865114
0.085,0.14,0.5,8590,1.120631321915142
0.085,0.14,0.5,8600,1.120631321805422
0.085,0.14,0.5,8610,1.120631321756317
0.085,0.14,0.5,8620,1.1206313217694974
0.085,0.14,0.5,8630,1.120631321845245
0.085,0.14,0.5,8640,1.1206313219795394
0.085,0.14,0.5,8650,1.1206313221644004
0.085,0.14,0.5,8660,1.1206313223909967
0.085,0.14,0.5,8670,1.1206313226524225
0.085,0.14,0.5,8680,1.1206313229424176
0.085,0.14,0.5,8690,1.1206313232520477
0.085,0.14,0.5,8700,1.1206313235688374
0.085,0.14,0.5,8710,1.1206313238787449
0.085,0.14,0.5,8720,1.1206313241676773
0.085,0.14,0.5,8730,1.1206313244232209
0.085,0.14,0.5,8740,1.1206313246325226
0.085,0.14,0.5,8750,1.1206313247803932
0.085,0.14,0.5,8760,1.1206313248503526
0.085,0.14,0.5,8770,1.1206313248260813
0.085,0.14,0.5,8780,1.1206313246925004
0.085,0.14,0.5,8790,1.120631324435857
0.085,0.14,0.5,8800,1.1206313240415864
0.085,0.14,0.5,8810,1.1206313234952898
0.085,0.14,0.5,8820,1.120631322782616
0.085,0.14,0.5,8830,1.1206313218908983
0.085,0.14,0.5,8840,1.1206313208100092
0.085,0.14,0.5,8850,1.1206313195301525
0.085,0.14,0.5,8860,1.120631318042136
0.085,0.14,0.5,8870,1.120631316337783
0.085,0.14,0.5,8880,1.1206313144108582
0.085,0.14,0.5,8890,1.1206313122579554
0.085,0.14,0.5,8900,1.1206313098769365
0.085,0.14,0.5,8910,1.1206313072667313
0.085,0.14,0.5,8920,1.1206313044270602
0.085,0.14,0.5,8930,1.1206313013594111
0.085,0.14,0.5,8940,1.120631298068171
0.085,0.14,0.5,8950,1.1206312945601247
0.085,0.14,0.5,8960,1.1206312908424652
0.085,0.14,0.5,8970,1.120631286923091
0.085,0.14,0.5,8980,1.120631282810556
0.085,0.14,0.5,8990,1.1206312785161545
0.085,0.14,0.5,9000,1.1206312740532596
0.085,0.14,0.5,9010,1.1206312694367437
0.085,0.14,0.5,9020,1.1206312646808443
0.085,0.14,0.5,9030,1.1206312597997714
0.085,0.14,0.5,9040,1.1206312548087407
0.085,0.14,0.5,9050,1.1206312497252346
0.085,0.14,0.5,9060,1.1206312445682116
0.085,0.14,0.5,9070,1.1206312393560711
0.085,0.14,0.5,9080,1.1206312341061868
0.085,0.14,0.5,9090,1.120631228835251
0.085,0.14,0.5,9100,1.1206312235608422
0.085,0.14,0.5,9110,1.1206312183023337
0.085,0.14,0.5,9120,1.1206312130787983
0.085,0.14,0.5,9130,1.1206312079081202
0.085,0.14,0.5,9140,1.1206312028058882
0.085,0.14,0.5,9150,1.12063119778718
0.085,0.14,0.5,9160,1.1206311928678525
0.085,0.14,0.5,9170,1.120631188064296
0.085,0.14,0.5,9180,1.1206311833919183
0.085,0.14,0.5,9190,1.120631178863505
0.085,0.14,0.5,9200,1.1206311744898456
0.085,0.14,0.5,9210,1.120631170281208
0.085,0.14,0.5,9220,1.120631166248377
0.085,0.14,0.5,9230,1.1206311624022423
0.085,0.14,0.5,9240,1.120631158751591
0.085,0.14,0.5,9250,1.1206311553025299
0.085,0.14,0.5,9260,1.1206311520594754
0.085,0.14,0.5,9270,1.1206311490266665
0.085,0.14,0.5,9280,1.1206311462092344
0.085,0.14,0.5,9290,1.1206311436111627
0.085,0.14,0.5,9300,1.120631141234585
0.085,0.14,0.5,9310,1.1206311390790349
0.085,0.14,0.5,9320,1.1206311371428335
0.085,0.14,0.5,9330,1.1206311354250693
0.085,0.14,0.5,9340,1.1206311339248454
0.085,0.14,0.5,9350,1.1206311326408547
0.085,0.14,0.5,9360,1.120631131568828
0.085,0.14,0.5,9370,1.120631130702971
0.085,0.14,0.5,9380,1.1206311300370568
0.085,0.14,0.5,9390,1.1206311295657507
0.085,0.14,0.5,9400,1.1206311292838183
0.085,0.14,0.5,9410,1.120631129184998
0.085,0.14,0.5,9420,1.120631129260686
0.085,0.14,0.5,9430,1.1206311295011027
0.085,0.14,0.5,9440,1.1206311298968894
0.085,0.14,0.5,9450,1.1206311304394387
0.085,0.14,0.5,9460,1.120631131120842
0.085,0.14,0.5,9470,1.120631131931066
0.085,0.14,0.5,9480,1.1206311328585554
0.085,0.14,0.5,9490,1.1206311338915524
0.085,0.14,0.5,9500,1.120631135018852
0.085,0.14,0.5,9510,1.1206311362303596
0.085,0.14,0.5,9520,1.120631137515831
0.085,0.14,0.5,9530,1.1206311388634018
0.085,0.14,0.5,9540,1.1206311402602216
0.085,0.14,0.5,9550,1.1206311416934163
0.085,0.14,0.5,9560,1.1206311431516007
0.085,0.14,0.5,9570,1.1206311446236605
0.085,0.14,0.5,9580,1.120631146098683
0.085,0.14,0.5,9590,1.120631147563982
0.085,0.14,0.5,9600,1.120631149006272
0.085,0.14,0.5,9610,1.1206311504132174
0.085,0.14,0.5,9620,1.1206311517737118
0.085,0.14,0.5,9630,1.1206311530768953
0.085,0.14,0.5,9640,1.1206311543116683
0.085,0.14,0.5,9650,1.1206311554657071
0.085,0.14,0.5,9660,1.120631156526773
0.085,0.14,0.5,9670,1.1206311574836179
0.085,0.14,0.5,9680,1.1206311583263453
0.085,0.14,0.5,9690,1.1206311590451572
0.085,0.14,0.5,9700,1.12063115962971
0.085,0.14,0.5,9710,1.12063116006937
0.085,0.14,0.5,9720,1.1206311603532335
0.085,0.14,0.5,9730,1.1206311604725328
0.085,0.14,0.5,9740,1.1206311604188048
0.085,0.14,0.5,9750,1.1206311601842052
0.085,0.14,0.5,9760,1.1206311597599035
0.085,0.14,0.5,9770,1.1206311591371463
0.085,0.14,0.5,9780,1.120631158307997
0.085,0.14,0.5,9790,1.1206311572654402
0.085,0.14,0.5,9800,1.1206311560035276
0.085,0.14,0.5,9810,1.1206311545161631
0.085,0.14,0.5,9820,1.1206311527967472
0.085,0.14,0.5,9830,1.1206311508386742
0.085,0.14,0.5,9840,1.1206311486364962
0.085,0.14,0.5,9850,1.1206311461856695
0.085,0.14,0.5,9860,1.1206311434824818
0.085,0.14,0.5,9870,1.1206311405222946
0.085,0.14,0.5,9880,1.120631137300902
0.085,0.14,0.5,9890,1.120631133813798
0.085,0.14,0.5,9900,1.1206311300577974
0.085,0.14,0.5,9910,1.1206311260305462
0.085,0.14,0.5,9920,1.1206311217296103
0.085,0.14,0.5,9930,1.1206311171523249
0.085,0.14,0.5,9940,1.1206311122958585
0.085,0.14,0.5,9950,1.1206311071579118
0.085,0.14,0.5,9960,1.1206311017366928
0.085,0.14,0.5,9970,1.120631096031389
0.085,0.14,0.5,9980,1.120631090040588
0.085,0.14,0.5,9990,1.1206310837627713
0.085,0.14,0.5,10000,1.1206310771960273
